<?xml version="1.0" encoding="UTF-8"?>
<!DOCTYPE suite SYSTEM "https://testng.org/testng-1.0.dtd">
<suite name="Suite">
<listeners>
<listener class-name="testcases.ListenerA"></listener>
</listeners>
<groups>
<run>
<include name="Login Test"></include>
</run>
</groups>
<parameter name="username" value="Sel@123"></parameter>
  <test thread-count="5" name="Test">
 
    <classes>
      
      <class name="testcases.MobileTest"/>
     
      <class name="testcases.WebsiteTest"/>
    </classes>
  </test> <!-- Test -->
</suite> <!-- Suite -->
